[
  {
    "city": "leesburg",
    "name": "leesburg",
    "desc": "19415 Deerfield Avenue, Suite 213, Lansdowne, Virginia 20176",
    "doctors": [
      {
        "name": "Linda Leatherbury, MD",
        "title": "Board-certified Pediatric Cardiologist",
        "sub_title": "",
        "image_url": "http://childrensnational.org/~/media/cnhs-site/images/find-a-provider/headshots/l/leatherbury_l.ashx?mw=135",
        "desc": [
          "Has over 30 years of experience at Children’s National",
          "Serves as Assistant Professor of Pediatrics at George Washington University"
        ]
      }
    ]
  },
  {
    "city": "arlington",
    "name": "Virginia Hospital Center Cardiology Clinic",
    "desc": "1701 North George Mason Arlington, VA 22205",
    "doctors": [
      {
        "name": "Ashraf Harahsheh, MD",
        "title": "Board-certified Pediatric Cardiologist",
        "sub_title": "",
        "image_url": "http://childrensnational.org/~/media/cnhs-site/images/find-a-provider/headshots/h/harahsheh_a.ashx?mw=135",
        "desc": [
          "Plays a major role in teaching cardiology fellows",
          "Special interest in the preventive cardiology program with a focus on lipids, murmurs, Kawasaki disease, syncope, and chest pain"
        ]
      },
      {
        "name": "Thomas J. Hougen, MD",
        "title": "Board-certified Pediatric Cardiologist",
        "sub_title": "",
        "image_url": "http://childrensnational.org/~/media/cnhs-site/images/find-a-provider/headshots/h/hougen_t.ashx?mw=135",
        "desc": [
          "More than 35 years’ experience in pediatric cardiology",
          "Provides full service pediatric cardiology consultations and newborn nursery consultations"
        ]
      },
      {

        "name": "David Schidlow, MD",
        "title": "Board-certified Pediatric Cardiologist ",
        "sub_title": "",
        "image_url": "http://childrensnational.org/~/media/cnhs-site/images/find-a-provider/headshots/s/schidlow_d.ashx?mw=135",
        "desc": [
          "Expert in fetal echocardiography and other non-invasive cardiac imaging such as trans-thoracic and transesophageal echocardiography, and cardiac MRI",
          "Works with families in the Fetal Heart Program, guiding them through prenatal diagnosis, delivery, and post-natal care of children with congenital heart disease"
        ]
      }
    ]
  },
  {
    "city": "fairfax",
    "name": "Northern Virginia Outpatient Center",
    "desc": "3023 Hamaker Court, Fairfax, Virginia 22031",
    "doctors": [
      {
        "name": "Charles Berul, MD",
        "title": "Division Chief, Cardiology",
        "sub_title": "Co-director, Children's National Heart Institute",
        "image_url": "http://childrensnational.org/~/media/cnhs-site/images/find-a-provider/headshots/b/berul_c.ashx?mw=135",
        "desc": [
          "Published over 150 peer-reviewed, pediatric cardiology publications",
          "Internationally recognized expert in pediatric cardiac electrophysiology"
        ]
      },
      {
        "name": "Mary T. Donofrio, MD",
        "title": "Director, Fetal Heart and Critical Care Delivery Programs",
        "sub_title": "Co-director, Cardiac Neurodevelopmental Outcome Program",
        "image_url": "http://childrensnational.org/~/media/cnhs-site/images/find-a-provider/headshots/d/donofrio_m.ashx?mw=135",
        "desc": [
          "Established the region’s only Early Fetal Cardiac Imaging Program",
          "Specializes in pediatric echocardiography, complex congenital heart disease management, and transitional care"
        ]
      },
      {
        "name": "Lowell Frank, MD",
        "title": "Board-certified Pediatric Cardiologist",
        "sub_title": "",
        "image_url": "http://childrensnational.org/~/media/cnhs-site/images/find-a-provider/headshots/f/frank_l.ashx?mw=135",
        "desc": [
          "Has a special interest in advanced echocardiographic measures of ventricular function, and complex congenital heart disease",
          "Participates in transthoracic, transesophageal, and three-dimensional echocardiography"
        ]
      },
      {
        "name": "Jeffrey Moak, MD",
        "title": "Director, Electrophysiology and Pacing Program",
        "sub_title": "",
        "image_url": "http://childrensnational.org/~/media/cnhs-site/images/find-a-provider/headshots/m/moak_j.ashx?mw=135",
        "desc": [
          "Director at Children’s for 20+ years",
          "Treats patients with cardiac arrhythmias and autonomic nervous system dysfunction",
          "Pioneer in the laser extraction technique",
          "Developed the Clinic for Autonomic Disorders Evaluation (CADE) at Children’s National",
          "Spearheads a new initiative assessing the safest practice for treatment of children with cardiac arrhythmias in the Cardiac ICU"
        ]
      },
      {
        "name": "Jessica Colyer, MD",
        "title": "Medical Unit Director, Heart, Lung, and Kidney Unit",
        "sub_title": "Board-certified Pediatric Cardiologist",
        "image_url": "http://childrensnational.org/~/media/cnhs-site/images/find-a-provider/headshots/c/colyer_j.ashx?mw=135",
        "desc": [
          "Sees patients with congenital heart disease and heart murmurs, including new patients and newborns",
          "Special interest in outreach and education to parents and families about heart health"
        ]
      },
      {
        "name": "Linda Leatherbury, MD",
        "title": "Board-certified Pediatric Cardiologist",
        "sub_title": "",
        "image_url": "http://childrensnational.org/~/media/cnhs-site/images/find-a-provider/headshots/l/leatherbury_l.ashx?mw=135",
        "desc": [
          "Has over 30 years of experience at Children’s National",
          "Serves as Assistant Professor of Pediatrics at George Washington University"
        ]
      },
      {
        "name": "Roger Ruckman, MD",
        "title": "Board-certified Pediatric Cardiologist",
        "sub_title": "",
        "image_url": "http://childrensnational.org/~/media/cnhs-site/images/find-a-provider/headshots/r/ruckman_r.ashx?mw=135",
        "desc": [
          "Has over 35 years of experience at Children’s National"
        ]
      }
    ]
  },
  {
    "city": "fredericksburg",
    "name": "ABC Pediatrics",
    "desc": "231 Park Hill Drive, Fredericksburg, VA 22401",
    "doctors": [
      {

        "name": "David Schidlow, MD",
        "title": "Board-certified Pediatric Cardiologist ",
        "sub_title": "",
        "image_url": "http://childrensnational.org/~/media/cnhs-site/images/find-a-provider/headshots/s/schidlow_d.ashx?mw=135",
        "desc": [
          "Expert in fetal echocardiography and other non-invasive cardiac imaging such as trans-thoracic and transesophageal echocardiography, and cardiac MRI",
          "Works with families in the Fetal Heart Program, guiding them through prenatal diagnosis, delivery, and post-natal care of children with congenital heart disease"
        ]
      }
    ]
  }
]